name	rarity	type	effect	max_fusion_effect	tier
Easy Diet	Uncommon	Accessory	25% chance to apply Fire on Combo Ender. 80% Damage boost. Action Movie Tower only. 160% Max health boost. Action Movie Tower only.	This Fire lasts 30% longer.	C
Scene Cut	Uncommon	Accessory	20% All Special Attacks unblockable chance. 80% Damage boost. Action Movie Tower only. 160% Max health boost. Action Movie Tower only.	0.5 Bar of starting Power.	C
Well-deserved Break	Uncommon	Accessory	30% Toughness boost. 80% Damage boost. Action Movie Tower only. 160% Max health boost. Action Movie Tower only.	Take 25% less damage from Special Attacks when blocking.	C
Director's Makeover	Rare	Accessory	35% Critical Hit chance boost. 14% Chance to apply Shield Break on Critical Hit. 150% Damage boost. Action Movie Tower only. 300% Max health boost. Action Movie Tower only. [THE JOKER] {{Brutality}}	100% chance to apply Incurability on the user's tag-in.	S
Stunt Award	Rare	Weapon	45% Basic Attacks unblockable chance. 80% to gain Shield on successful Special Attack 2. 300% Damage boost. Action Movie Tower only. [JOHNNY CAGE] {{Friendship}}	Gain Snare immunity while Shield is active.	A
Tin Hat	Rare	Armor	300% Recovery boost. 30% reduced Power cost on all Special Attacks and X-Ray/Fatal Blow. 600% Max health boost. Action Movie Tower only.	50% Chance that opponent's mini game will not add bonus damage to Special Attack.	B
Director's Chair	Epic	Armor	100% chance to gain Dispel on successful Special Attacks. For every bar of Power spent by the user's team, the team gains 35% Critical Hit damage boost for 20sec. This Critical Hit Damage boost can stack up to 3 times. 1200% Max health boost. Action Movie Tower only. [THE JOKER] {{Brutality}} [THE JOKER] For every teammate's final death, The Joker gains 15% Power generation boost and all incoming attacks damage reduction until the end of the match. The faster the teammate dies, the larger the damage reduction is.	30% chance to gain invulnerability when debuffs were removed by Dispel from the user.	S
Primal Bait	Epic	Weapon	50% chance to apply Blind on successful Special Attack 1. 50% chance to disable one random piece of opponent's equipment for 13sec on any Special Attack. 450% Damage boost. Action Movie Tower only	70% chance for opponent's attack to reflect 50% damage and distribute it evenly to the whole enemy team if this attack was missed.	S
Rage Wrench	Epic	Weapon	50% chance to drain 10% of the opponent's current Max Power on Combo Enders. Each next hit that was not avoided by the opponent gives a 5% Basic Attack damage boost. Maximum boost is 100%. Resets upon taking a hit and tag out. 450% Damage boost. Action Movie Tower only.	Power that was drained on Combo Enders with this equipment is stolen for the user.	A
Stunt Buddies	Epic	Accessory	For any debuff that the user applies to the opponent, the user has a 40% chance to gain Vampire on Basic Attacks for 10sec. For any Blockbreaker attack the user has a 50% chance to apply a debuff to the opponent for 10sec. There can only be such debuff at a time. 150% Damage boost. Action Movie Tower only. 600% Max health boost. Action Movie Tower only. [JOHNNY CAGE] On incoming Special Attack or X-Ray/Fatal Blow Johnny Cage has a 50% chance to swap himself with a stunt double who will receive the damage instead of him. This effect can be triggered until the stunt double is out of health. [JOHNNY CAGE] {{Friendship}}	For every 30% of Max health lost, the user temporally gains a protective buffer for 10sec. The protective buffer gets larger depending on the amount of Max health lost, with a maximum size equal to 50% of the wearer's Max health at 90% lost Max health. Activates 3 times per match.	S+
Carnival Swill	Uncommon	Accessory	30-100% Resistance to Fire. 10-80% Damage boost. Twisted Tower only. 20-160% Max health boost. Twisted Tower only.	User recovers health from Poison DOT instead of taking damage.	C
Decoy Invitation	Uncommon	Accessory	30-50% Chance to drain 33% Power on Special Attack 1. 10-80% Damage boost. Twisted Tower only. 20-160% Max health boost. Twisted Tower only.	Gain 20% more Power from hitting an opponent.	C
Training Grounds	Uncommon	Accessory	20-40% Basic Attack damage boost. 10-80% Damage boost. Twisted Tower only. 20-160% Max health boost. Twisted Tower only.	25% Chance to apply Bleed on Combo Ender.	C
Tamer's Sinful Whip	Rare	Weapon	25-45 Basic Attacks unblockable chance. 25-35% Chance to apply random negative effect on Combo Enders. Negative effects include Bleed, Fire, Poison, Blind, Weaken, Cripple, Curse, Shield Break. 40-300% Damage boost. Twisted Tower only. [SINDEL] {{Brutality}}	60% Damage boost against enemies affected by Bleed, Fire, Poison, Blind, Weaken, Cripple, Curse, Shield Break.	S
Time Traveler's Cool-Factor	Rare	Armor	 30-50% Incoming DOT and Dark Magic damage reduction. Regenerates 2 bars of Power over 10 seconds below 20-50% Health. This effect cannot be triggered more than one time without tagging-out. 3 times per match. 80-600% Max Health boost. Twisted Tower only. [TERMINATOR] {{Brutality}}	Any positive kombat effect on the wearer excluding Regeneration lasts 30% longer.	A
Weekend Dad	Rare	Accessory	Gain Shield at the start of the match and on tag-in for 5-15sec. Successful Basic Attack have a 15-25% chance to Vampire 50% damage. 20-150% Damage boost. Twisted Tower only. 40-300% Max Health boost. Twisted Tower only.	Achieving 90%+ on any Special Attack applies Oblivion for 10sec.	S+
Favorite Toy	Epic	Weapon	On Special Attack 2 there is a 50-100% chance that the seal will throw his explosive toy at the opponent, applying Cripple and dealing 5% Max Health damage. 20-40% Damage boost against enemies affected by Cripple. 150-600% Damage boost. Twisted Tower only.	1 Bar of Power on tag-in and at the start of the match when equipped on a starting character.	S
Misfortune Teller	Epic	Accessory	50-100% Chance to apply Curse debuff to the whole opponent team on successful Special Attack 1. 30-70% Critical Hit chance boost against enemies affected by Curse. 75-225% Damage boost. Twisted Tower only. 150-450% Max health boost. Twisted Tower only.	Misfortune foresight gives a 30% chance to gain Invulnerability for 5sec before any incoming Special Attack.	S
Tamer's Hessian Boots	Epic	Armor	35-55% Max Health boost. 20-30% Power generation boost. 300-1200% Max Health boost. Twisted Tower only. [SINDEL] Sindel has 50-70% chance to scream when her teammate is being attacked with a Special Attack. The scream deals low damage, applies Slow to the opponents and slightly heals Sindel. [SINDEL] {{Brutality}}	If the opponent is affected by any debuff, they deal 40% less damage from Special Attacks against the user.	S+
Time Traveler's Arms Cachet	Epic	Weapon	50-100% Chance to gain Strengthen after the user performs any Special Attack. Strengthen can stack up to 3 times. Each next Special attack deals 5-10% more damage than the previous, stacks up to 5 times. 300-1200% Max Health boost. Twisted Tower only. [TERMINATOR] On opponent's tag-out, there is 40-50% chance that the opponent will be stopped from leaving by a grenade dealing formidable damage and applying Stun for 3sec. [TERMINATOR] {{Brutality}}	Special Attacks deal 20% of damage to all opponents.	S
Kuai Liang's Bracers	Uncommon	Accessory	20-40% Basic attack damage boost. 10-50% Damage boost. Lin Kuei Tower only. 20-100% Max Health Boost. Lin Kuei Tower only. [SUB-ZERO] {{Brutality}}	20% Chance to apply Freeze when an opponent blocks Basic Attack.	A
Ice Bomb	Uncommon	Accessory	10-20% Power generation boost. 10-50% Damage boost. Lin Kuei Tower only. 20-100% Max Health Boost. Lin Kuei Tower only.	100% Chance to apply Freeze to the active enemy at the start of the match.	A
Frozen Mummy	Uncommon	Accessory	50-100% Resistance to Frostbite. 10-50% Damage boost. Lin Kuei Tower only. 20-100% Max Health Boost. Lin Kuei Tower only.	15% Reduced Power cost on all Special Attacks.	B
Cryomancer Armor	Rare	Armor	20-40% Chance to reflect 50% Special Attack damage when blocking. At the start of the match apply Ice Armor for 5-25s. 60-500% Max health boost. Lin Kuei Tower only.	25% Chance to reflect 25% basic attack damage when blocking.	A
Frost Axe	Rare	Weapon	60-80% Basic attack damage boost against enemies affected by Frostbite. 30-250% Damage boost. Lin Kuei Tower only. [SUB-ZERO] 30-50% Chance to apply Frostbite on enemy on Special Attack 1.	50% Basic Attacks unblockable chance.	A
Ice Gloves	Rare	Armor	20-40% Basic attack damage boost. 30-50% Chance to apply Strengthen to the owner after Freezing an opponent. 60-500% Max health boost. Lin Kuei Tower only.	50% Opponent Critical Hit Chance reduction.	B
Frost Mask	Epic	Armor	35-55% Max health boost. After defeating an opponent apply Frostbite on their teammates for 5-15s. 200-1000% Max Health boost. Lin Kuei Tower only. [SUB-ZERO] 50-100% Chance to apply Frostbite on enemy team at the start of the match.	50% Opponent unblockable attack chance reduction.	S
Frost Orb	Epic	Accessory	10-15% Reduced Power cost on all Special Attacks. Once per fight spawn an Ice Clone that will save the wearer from a knockout blow. There is 10-50% chance the Ice Clone will explode and apply Frostbite to the opponent. 45-250% Damage boost. Lin Kuei Tower only. 100-300% Max Health boost. Lin Kuei Tower only.	Immune to Frostbite and Stun.	S
Kori Blade	Epic	Weapon	15-25% Attack boost. 50-100% Chance to apply Ice Armor after defeating an opponent. 100-500% Damage boost. Lin Kuei Tower only.	Every time an owner defeats an opponent, each surviving opponent get 1 bar of their Power drained.	S
Kuai Liang's Scepter	Epic	Weapon	0.5-1.5% Bar of starting Power. 50-100% Lethal Blow chance against enemies affected by Freeze: +300% damage. 100-500% Damage boost. Lin Kuei Tower only. [SUB-ZERO] {{Brutality}}	100% Chance to apply Bleed when hitting an opponent affected by Freeze.	S+
Celebration Photo	Uncommon	Accessory	15-25% Basic Attacks unblockable chance. 10-80% Damage boost. Tower of Time only. 20-160% Max Health boost. Tower of Time only.	100% Combo Ender damage boost.	C
Monolith of Time	Uncommon	Accessory	40-100% Recovery boost. 10-80% Damage boost. Tower of Time only. 20-160% Max Health boost. Tower of Time only.	10% Team Max Health boost.	C
Relics of Armageddon	Uncommon	Accessory	15-25% All Special Attacks unblockable chance. 10-80% Damage boost. Tower of Time only. 20-160% Max Health boost. Tower of Time only.	The user's first Special Attack after every tag-in becomes Sneak Attack.	B
Smoldering Mask	Rare	Accessory	15-25% Power generation boost. 15-30% Chance to apply Blind on Combo Enders. 20-150% Damage boost. Tower of Time only. 40-300% Max Health boost. Tower of Time only. [SMOKE] {{Brutality}}	Gain 7% damage boost for each applied or resited debuff by the user. Maximum Damage boost - 70%.	A
Timeless Heart	Rare	Accessory	10-30% Opponent unblockable attack chance reduction. 50-70% Chance to apply Despair on successful Special Attack 2. 20-150% Damage boost. Tower of Time only. 40-300% Max Health boost. Tower of Time only. [GERAS] {{Brutality}}	Steal 25% of each surviving opponent's max Power every time the user defeats an opponent, even if resurrected.	A
Smoldering Karambit	Epic	Weapon	5-15% Chance to apply Death Mark on Successful Basic Attacks. Successful Special Attacks additionally deal 10-20% of damage to all tagged-out opponents. 150-600% Damage boost. Tower of Time only. [SMOKE] Every successful Special Attack has 40-60% chance to apply Heatwave on Smoke for 10sec. While Heatwave is active Smoke deals 5% of character's Attack as damage and recovers 1.5% of Max Health every second. [SMOKE] {{Brutality}}	50% Critical Hit Chance boost. Gain Speed for 5sec on tag-in.	S+
Timeless Sentinel	Epic	Armor	30-50% Chance to drain 10% of the opponent's Max Power on Combo Enders. The user gains Invulnerability for 5-10sec after acquiring 5 power bars. May be activated once in 30sec. 300-1200% Max Health boost. Tower of Time only. [GERAS] Each time Health of Geras drops below 50%, he opens a Time Portal. Time Portal aplies Oblivion on the active opponent for 5-15sec when it is activated and whenever any character tags-in. When Oblivion is applied 3 times, Time Portal ends. [GERAS] {{Brutality}}	Gaining Invulnerability from this equipment applies Snare to the opponent. When this Invulnerability ends, gain Team Dispel.	S
Bone Claw	Uncommon	Accessory	20-40% Basic attack damage boost. 20-160% Max health boost. Tower of Horror only. 10-80% Damage boost. Tower of Horror only.	50% Resistance to Poison and Bleed.	C
Demon Eye	Uncommon	Accessory	20-40% Recovery boost. 10-80% Damage boost. Tower of Horror only. 20-160% Max health boost. Tower of Horror only.	20% Power generation boost.	C
Death Rattle	Uncommon	Accessory	20-40% Opponent Critical Hit Chance reduction. 20-160% Max health boost. Tower of Horror only. 10-80% Damage boost. Tower of Horror only.	50% Recovery boost. 	C
Witch's Ward	Rare	Armor	45-95% Resistance to Fire. 80-600% Max Health boost. Tower of Horror only. 30-50% Toughness boost.	25% Power generation boost.	A
Meat's Cleaver	Rare	Accessory	On tag-in, Meat’s Cleaver is tossed at the opponent, dealing 100-500% of its base damage. 20-30% Critical Hit Chance Boost. 20-150% Damage boost. Tower of Horror only. 40-300% Health boost. Tower of Horror only.	Meat's Cleaver has a 100% chance to critically hit.	S
Bloodsucker	Rare	Accessory	Basic attacks heal for 25-75% of damage done to opponents affected by Bleed. 15-25% Power generation boost. 20-150% Damage boost. Tower of Horror only. 40-300% Health boost. Tower of Horror only.	25% Damage boost against enemies affected by Bleed.	A
Hellfire Blade	Epic	Weapon	Special Attacks that apply Fire deal 20-80% bonus damage against opponents already affected by Fire. 200-700% Damage boost. Tower of Horror only. 100-500% Max Health boost. Tower of Horror only. On Tag-in, apply Fire to both the wearer and the opponent for 2-7s. 	100% Chance to drain 33% Power on Fire attacks.	S
Wailing Spirit	Epic	Accessory	On Tag-in, Power Drain 0.5-2 bars of opponent’s Power. 30-100% Chance to steal 50% of the enemy’s Power at the start of the match when equipped on a starting character. 75-225% Damage boost. Tower of Horror only. 100-450% Max Health boost. Tower of Horror only.	Steal 50% of Power Drained on tag-in.	S
Living Dead	Epic	Armor	Once per match, resurrect after being defeated, and gain Invulnerability and 100% Unblockable chance on basic attacks for 2-7s. 200-700% Damage boost. Tower of Horror only. 100-500% Max Health boost. Tower of Horror only. 30-50% Self heal at the end of Special Attack 3 or X-Ray/Fatal Blow attack.	Apply Bleed to opponent when resurrecting.	S+
Reaper's End	Epic	Weapon	25-75% Chance to apply Curse on Combo Ender. 200-700% Damage boost. Tower of Horror only. 100-500% Max Health boost. Tower of Horror only. 30-50% Unblockable chance on basic attacks.	30% Critical Hit Chance boost.	S
Trophy Collection	Uncommon	Accessory	30-100% Resistance to Bleed. 10-80% Damage boost. Nightmare Tower only. 20-160% Max health boost. Nightmare Tower only.	[JASON VOORHEES] After being defeated, Jason resurrects and gains Strengthen and 1 Bar of Power.	B
Jump Rope Song	Uncommon	Accessory	20-50% Critical Hit damage boost. 10-80% Damage boost. Nightmare Tower only. 20-160% Max health boost. Nightmare Tower only.	[FREDDY KRUEGER] 30% Chance to Stun on Special Attack 1.	B
Family Tools	Uncommon	Accessory	35-75% Resistance to Stun. 10-80% Damage boost. Nightmare Tower only. 20-160% Max health boost. Nightmare Tower only.	[LEATHERFACE] Gain permanent Enrage when reduced below 20% health.	B
Bi-Han's Visage	Rare	Armor	15-35% Max health boost. 80-600% Max health boost. Nightmare Tower only. 25% Chance to reflect 30-100% basic attack damage when blocking. [NOOB SAIBOT] {{Brutality}}	At the start of X-Ray/Fatal Blow, apply Death Mark.	A
Thunder Lord's Sigil	Rare	Accessory	Deal 5-15% of non-boss opponents' health as additional damage on Stun. 10-20% X-Ray/Fatal Blow attack damage boost. 20-150% Damage boost. Nightmare Tower only. 40-300% Max health boost. Nightmare Tower only. [RAIDEN] {{Brutality}}	For each debuff removed by Dispel, gain 1 Strengthen buff. Strengthen buffs stack. 	A
Krypt Spider Fang	Rare	Weapon	20-40% Chance to apply Poison on Combo Ender. 10-30% Chance to also apply Weaken when Poison is applied. 40-300% Damage boost. Nightmare Tower Only.	Deal 35% more damage on Poison DOTs.	A
Bi-Han's Tormentor	Epic	Weapon	5-15% Lethal Blow chance. 10-20% Reduced Power cost on all Special Attacks. 150-600% Damage boost. Nightmare Tower only. [NOOB SAIBOT] {{Brutality}}	[NOOB SAIBOT] Gain 1 Bar of Power after any teammate or ally Summon is defeated.	S
Demon Bat	Epic	Accessory	After performing any Special Attack, a demon bat also attacks the victim, dealing additional damage and applying Bleed while dying in the process. Demon Bat respawns every 30-10 seconds. 20-30% Power generation boost. 75-225% Damage boost. Nightmare Tower only. 150-450% Max health boost. Nightmare Tower only.	When Demon Bat attacks an opponent affected by Bleed, user heals for 20% of the victim's max health.	S
Thunder Lord's Stormweaver	Epic	Weapon	15-25% Attack boost. 30-100% Chance to gain Dispel after performing a Special Attack. 150-600% Damage boost. Nightmare Tower only. [RAIDEN] 10-30% Chance lightning will strike the opponent on basic attack, dealing additional Damage. [RAIDEN] {{Brutality}}	1.5 Bar of starting Power.	S+
Killer Jacket	Epic	Armor	10-60% Toughness boost. 30-100% Chance to gain Shield after suffering from a Lethal Blow. 300-1200% Max health boost. Nightmare Tower only.	Gain Shield at the start of the match. 	S
Black Dragon Sword	Uncommon	Weapon	20-50% Basic attack damage boost against enemies affected by Fire, Bleed, or Poison. 20-150% Damage boost. Black Dragon Tower only.	20% Max Health boost.	C
Dragon Teeth	Uncommon	Weapon	20-80% Basic attack damage boost against opponent with less than 50% of health. 20-150% Damage boost. Black Dragon Tower only.	75% Critical Hit damage boost.	C
Kobra's Boxing Gloves	Uncommon	Weapon	30-80% Resistance to Slow and Stun. 20-150% Damage boost. Black Dragon Tower only.	50% Basic attack damage boost.	C
Nomad's Deadly Vapors	Rare	Accessory	20-80% Chance to apply Poison for 6 seconds to the active enemy at the start of the match when equipped on active fighter. 10-25% Chance to apply Poison to the enemy after gaining Speed. 15-155% Damage boost. Black Dragon Tower only. 30-310% Health boost. Black Dragon Tower only. [KABAL] {{Brutality}}	40% Damage boost against enemies affected by Poison.	B
Scoundrel's Elbow Blades	Rare	Accessory	50-100% Chance to apply Bleed when Cripple or Weaken is applied. 30-80% Basic damage boost against opponents with less than 30% Health. 15-155% Damage boost. Black Dragon Tower only. 30-310% Health boost. Black Dragon Tower only. [KANO] {{Brutality}}	100% Critical Damage boost when user is below 50% Health.	A
Stone Fists	Rare	Weapon	10-20% Attack boost. 35-285% Damage boost. Black Dragon Tower only. [TREMOR] 10-20% Chance to apply Stun on Combo Ender for 3 seconds.	100% Critical Hit Chance boost against stunned enemies.	B
Nomad's Buzz Saw	Epic	Weapon	20-40% Chance to drain 10% of the opponent's Max Power on Combo Enders. Successful Combo Enders increase the Max duration of every Poison applied to the enemy by 20%. Stacks up to 5 times. 20-40% Chance to gain Speed after a successful Power Drain. 150-600% Damage boost. Black Dragon Tower only. [KABAL] On every successful Special Attack 1, there is a 50% chance that Toxin will be applied to the opponent. The Toxin blocks 1 random equipment piece on the opponent, and increases all incoming damage by 15%. Toxin can stack up to three times. On opponent's tag-out, all Toxin stacks are removed and drain 60% of the opponent's Power. [KABAL] {{Brutality}}	Gain 2 Bars of Power after a teammate is defeated. 2 times per match.	S
Psych Bomb	Epic	Accessory	15-30% Chance to apply Cripple on Combo Enders. On tag-in, Psych Bomb is tossed at the opponent, dealing 20-40% damage of base Attack. On each Psych Bomb toss there is a 40-80% chance to apply Stun for 3 seconds. 75-225% Damage boost. Black Dragon Tower only. 150-450% Max health boost. Black Dragon Tower only.	Gain Power Steal on Basic Attacks against Crippled opponents.	S
Scoundrel's Cybernetic Heart	Epic	Armor	Successful Basic Attacks have a 20-35% chance to heal 2% of user's max Health. 35% incoming damage reduction when the user is below 80-60% health. 300-1200% Max health boost. Black Dragon Tower only. [KANO] 10% Damage boost for each Heal. Stacks up to 3-5 times. [KANO] {{Brutality}}	Regenerates 3 Bars of Power over 15 seconds below 60% Health. This effect cannot be triggered more than one time without tagging-out. 3 times per match.	A
Smuggler's Luck	Epic	Accessory	30-60% Chance to gain Luck after Special Attack 1. Special Attack 1 deals 10-20% more damage after each use, stacks up to 5 times. 75-225% Damage boost. Black Dragon Tower only. 150-450% Max health boost. Black Dragon Tower only.	10% Chance to gain Dispel after a successful critical hit.	S
Bayonet	Uncommon	Accessory	10-40% Critical Hit damage boost. 10-80% Damage boost. Kold War Tower only. 20-160% Max health boost. Kold War Tower only.	20% Critical Hit Chance boost. 	C
Deadly Icicles	Uncommon	Accessory	20-40% Basic attack damage boost. 10-80% Damage boost. Kold War Tower only. 20-160% Max health boost. Kold War Tower only.	100% Chance to apply Frostbite on Special Attack 2.	C
Ushanka	Uncommon	Accessory	10-30% Resistance to Freeze. 10-80% Damage boost. Kold War Tower only. 20-160% Max health boost. Kold War Tower only.	25% Chance to convert 50% damage to Health on Special Attack 1.	C
Bloodmaster's Bloody Finka	Rare	Weapon	15-35% Critical Hit Chance boost. 10-40% Bleed damage boost. 40-300% Damage boost. Kold War Tower only. [SKARLET] {{Brutality}}	DOTs can Critical Hit.	S
General's Knockout Gloves	Rare	Accessory	15-25% Power generation boost. 5-25% Chance to remove Opponent's active buffs (Strengthen, Shield, Luck, Regeneration and Speed) on Combo Ender. 20-150% Damage boost. Kold War Tower only. 40-300% Max health boost. Kold War Tower only. [SONYA BLADE] {{Brutality}}	7% Chance to Stun an opponent for 3 seconds when dealing a Critical Hit on Basic Attacks.	B
Telogreika	Rare	Armor	50-100% Resistance to Stun and Bleed. Heal 1-6% of max Health every second while affected by Frostbite. 80-600% Max health boost. Kold War Tower only.	Gain Invulnerability while Frozen.	A
Bloodmaster's Iron Curtain	Epic	Armor	20-50% Max health boost. Bleed lasts 10-50% longer. 300-1200% Max health boost. Kold War Tower only. [SKARLET] 15-25% Chance to convert 50% damage to Health on Special Attack 1. [SKARLET] {{Brutality}}	Immunity to all DOTs including Dark Magic.	S
General's Father Gun	Epic	Weapon	30-60% Damage boost against enemies affected by Stun. 30-50% Basic Attacks unblockable chance. 150-600% Damage boost. Kold War Tower only. [SONYA BLADE] 10-30% Unblockable chance on all Special Attacks. [SONYA BLADE] {{Brutality}}	50% Chance to apply Shield Break on Special Attack 1. 	S
Missile Gap	Epic	Weapon	30-70% Critical Hit Chance boost. 3-13% Chance a missile counter-attacks whenever hit by an opponent. 150-600% Damage boost. Kold War Tower only.	Missile bombing applies Stun to an opponent for 3 seconds. 	S+
Weather Warfare	Epic	Accessory	Frozen opponents remain frozen up for 2-4 successive hit. 50-100% Chance to also apply Frostbite when freezing an opponent. 75-225% Damage boost. Kold War Tower only. 150-450% Max Health boost. Kold War Tower only.	A gust of wind Freezes tagged-in opponent. 	S+
Fire Garden Bell	Uncommon	Accessory	10-20% Critical Hit Chance boost. c10-80% Damage boost. Shirai Ryu Tower only. 20-160% Max health boost. Shirai Ryu Tower only.	100% Basic attack damage boost against enemies affected by Fire.	C
Survivor Memories	Uncommon	Accessory	30-100% Resistance to Fire. 10-80% Damage boost. Shirai Ryu Tower only. 20-160% Max health boost. Shirai Ryu Tower only.	50% Basic attack damage boost.	B
Secret Scrolls	Uncommon	Accessory	20-30% Toughness boost. 10-80% Damage boost. Shirai Ryu Tower only. 20-160% Max health boost. Shirai Ryu Tower only.	User recovers health from Fire DOT instead of taking damage.	B
Specter's Infernal Chains	Rare	Accessory	50-100% Chance to drain 33% Power on Special Attack 1. 10-40% Fire Damage boost. 40-300% Max health boost. Shirai Ryu Tower only. 20-150% Damage boost. Shirai Ryu Tower only. [SCORPION] {{Brutality}}	[SCORPION, SMOKE] 50% Chance opponent is immediately pulled back with a Spear and stunned when tagging out.	A
Champion's Leather Braces	Rare	Armor	300-1200% Recovery boost. 30-75% Chance of Lethal Blow immunity. 80-600% Max health boost. Shirai Ryu Tower only. [LIU KANG] {{Brutality}}	50% Damage boost when wearer is affected by Fire.	S
Muramasa Blades	Rare	Weapon	25-45% Basic Attacks unblockable chance. 10-20% Attack boost. 40-300% Damage boost. Shirai Ryu Tower Only.	125% Combo Ender damage boost against enemies affected by Fire, consuming the Fire DOT on the victim in the process.	A
Specter's Burning Vengeance	Epic	Armor	100% Chance to apply Fire on Special Attacks 2-7 times per battle. 20-40% Chance to apply Fire when blocking an enemy attack. 300-1200% Max health Boost. Shirai Ryu Tower only. [SCORPION] {{Brutality}}	Wearer explodes into flames when defeated, dealing massive damage and applying Fire to all opponents.	S
Champion's Nunchaku	Epic	Weapon	10-40% Chance to apply Fire on basic attacks. 30-100% Damage boost against Outworld Characters. 150-600% Damage boost. Shirai Ryu Tower only. [LIU KANG] {{Brutality}}	[LIU KANG] When a teammate tags in, Liu Kang throws Dragon Fire from the sidelines, dealing 500% of his basic attack damage with 50% chance to apply Fire.	S+
Edenian Bracelets	Epic	Accessory	25-50% Special Attack 2 Damage boost. 20-40% Power generation boost. 75-225% Damage boost. Shirai Ryu Tower only. 150-450% Max health boost. Shirai Ryu Tower only. [JADE] {{Brutality}}	[JADE] Once per match, Jade avoids death by automatically tagging out before the killing blow. This effect does not trigger if the killing blow is a Brutality.	S
Edenian Force Rejection Field	Epic	Armor	25-45% Max health boost. Opponents affected by Blind have a 30-60% chance to also miss during Special Attacks. 300-1200% Max health boost. Shirai Ryu Tower only. [JADE] {{Brutality}}	50% Resistance to all Debuffs.	S
Ouroboros Ring	Uncommon	Accessory	40-100% Recovery boost. 10-80% Damage boost. Sorcerer's Tower only. 20-160% Max health boost. Sorcerer's Tower only.	Gain 75% more Power whenever hit by an opponent. 	D
Salamander Gloves	Uncommon	Accessory	30-100% Combo Ender damage boost. c10-80% Damage boost. Sorcerer's Tower only. 20-160% Max health boost. Sorcerer's Tower only.	Damage from Poison, Bleed and Fire DOTs is increased by 25%.	D
Snake Fang	Uncommon	Accessory	10-30% Chance to apply Poison on Special Attack 2. 10-80% Damage boost. Sorcerer's Tower only. 20-160% Max health boost. Sorcerer's Tower only.	Poison lasts 35% longer. 	C
Acid Dragon's Tekko-Kagi	Rare	Weapon	10-20% Damage boost against enemies affected by Poison. 15-35% Chance to apply Blind on Special Attack 1. 40-300% Damage boost. Sorcerer's Tower only. [REPTILE] {{Brutality}}	Gain 100% Critical Hit damage boost for 5 seconds whenever a Blinded opponent misses any attacks.	A
Soul Reaver's King Kobra Belt	Rare	Armor	15-35% Max Health boost. Whenever an opponent performs a successful Special Attack or Combo Ender, there is a 10-40% chance to apply Cripple. 80-600% Max Health boost. Sorcerer's Tower only. [SHANG TSUNG] {{Brutality}}	50% Incoming DOT and Dark Magic damage reduction.	A
Viper Hood	Rare	Accessory	20-60% Resistance to Snare. 15-35% Chance to apply Weaken to enemies affected by DOT on Special Attack 1. 20-150% Damage boost. Sorcerer's Tower only. 40-300% Max health boost. Sorcerer's Tower only.	Apply Dispel and Regeneration for 7s on Special Attack 2.	S+
Acid Dragon's Deathly Vial	Epic	Accessory	10-20% Power generation boost. 40-70% Chance to gain 7% max Power for all teammates after the user successfully applies Poison or Bleed to an opponent. 75-225% Damage boost. Sorcerer's Tower only. 150-450% Max Health boost. Sorcerer's Tower only. [REPTILE] Basic attacks heal for 20-50% of damage done to opponents affected by Poison. [REPTILE] {{Brutality}}	Power Drain applied to the owner is reflected onto an opponent and is turned into Power Steal that grants 50% of draining Power. 	A
Serpent Kusarigama	Epic	Weapon	50-100% Critical Hit Chance boost when below 40% Health. 30-50% Chance to gain Speed increased for 5s after performing a Combo Ender. 150-600% Damage boost. Sorcerer's Tower only.	Critical Hits have 70% chance to Vampire the damage when below 40% Health.	S
Soul Reaver's Servant	Epic	Weapon	10-20% Chance to apply Curse on Critical Hit. 15-35% Damage boost against enemies affected by Cripple. 150-600% Damage boost. Sorcerer's Tower only. [SHANG TSUNG] When Shang Tsung defeat an opponent, he and his teammates gain the defeated opponents remaining Power, distributing it equally among them. [SHANG TSUNG] {{Brutality}}	Curse debuffs can stack up 2 times.	A
Varan Jacket	Epic	Armor	15-35% Chance to dodge a Special Attack. 40% Chance opponent's Basic Attack Critical Hit heal for 20-50% of incoming damage instead of dealing damage. 300-1200% Max Health boost. Sorcerer's Tower only.	Damage from Special Attacks is reduced by 50%.	S
Edenian Pie	Uncommon	Accessory	10-15% Power Generation boost. 10-80% Damage boost. Edenian Tower only. 20-160% Max health boost. Edenian Tower only.	25% Incoming Damage reduction when user is below 50% of Health.	C
Royal Wine	Uncommon	Accessory	10-30% Chance to gain Luck on Combo Ender. 10-80% Damage boost. Edenian Tower only. 20-160% Max health boost. Edenian Tower only.	20% Basic attacks unblockable chance. 	C
Traitor's Wreath	Uncommon	Accessory	40-100% Recovery boost. 10-80% Damage boost. Edenian Tower only. 20-160% Max health boost. Edenian Tower only.	40% Resistance to Fire and Power Drain.	C
Divine Tornadic Pauldron	Rare	Accessory	15-35% Critical Hit Chance boost. 5-15% Chance to gain Strengthen after user deals Critical Hit or Lethal Damage. 20-150% Damage boost. Edenian Tower only. 40-300% Max health boost. Edenian Tower only. [RAIN] {{Brutality}}	Strengthen buffs can stack 3 times.	B
Dynasty Parade Uniform	Rare	Armor	20-50% Chance to apply Shield Break on Combo Ender. 35-65% Chance to gain Regeneration for 10sec after performing Special Attack 2. 80-600% Max Health boost. Edenian Tower only. [KITANA] {{Brutality}}	20% All Special Attacks damage boost. 	S+
Sapphire Dagger	Rare	Weapon	20-50% Opponent Critical Hit Chance reduction. 10-30% Reduced Power cost on all Special Attacks. 40-300% Damage boost. Edenian Tower only.	While user is active, gains 6% Damage boost every 6 sec. Maximum 60% Damage boost. The user looses the stack after tag-out.	A
Divine Argus Cloak	Epic	Armor	25-55% Max Health boost. 70-100% Chance to apply random negative effects to an opponent who performed a Block Breaker attack against user. Max 3 negative effects on the opponent simultaneously. 300-1200% Max Health boost. Edenian Tower only. [RAIN] Whenever Rain applies Soaked there is 20-50% chance it spreads to the whole opponent team. [RAIN] {{Brutality}}	15% Chance to gain Invulnerability for 5sec whenever affected by a negative effect. 	S+
Dynasty Mask of Madness	Epic	Accessory	20-40% Resistance to all debuffs. Power Drain, Weaken and Shield Break effects applied to the opponent are 15-35% more effective. 75-225% Damage boost. Edenian Tower only. 150-450% Max Health boost. Edenian Tower only. [KITANA] After a Special Attack performed against Kitana, she gains 50% Power generation boost. [KITANA] {{Brutality}}	30% Chance perform Special Attack 1 with zero Power cost. 	S
King Jerrod's Spear	Epic	Weapon	0.5-1.5 Bar of starting Power. 25-50% Chance to apply Snare on any Special Attack. 150-600% Damage boost. Edenian Tower only.	10% Chance Basic Attacks cause Lightning strike that deals 5% max Health damage to the opponent.	S
Princess Guard	Epic	Weapon	5-15% Lethal Blow Chance boost. Special Attack 2 applies Incurability debuff to whole opponent team for 5-15sec. Incurability cancels opponent's healing effects. Any healing, including Recovery, is also restricted while Incurability is active. 150-600% Damage boost. Edenian Tower only.	When user applies Lethal Blow, next hit base damage is 150% higher.	S+
Cyberpack 2007	Uncommon	Accessory	10-30% Special Attack 1 and Special Attack 2 Critical Hit chance boost. 10-80% Damage boost. Earthrealm Tower only. 20-160% Max health boost. Earthrealm Tower only.	0.5 Bar of starting Power. 	C
Jiaozi	Uncommon	Accessory	10-40% Critical Hit damage boost. 10-80% Damage boost. Earthrealm Tower only. 20-160% Max health boost. Earthrealm Tower only.	10% Chance to remove al active DOTs from the user when dealing a Critical Hit. DOTs from Fight Modifiers are not affected.	C
Peaceful Mind	Uncommon	Accessory	20-40% Opponent Critical Hit Chance reduction. 10-80% Damage boost. Earthrealm Tower only. 20-160% Max health boost. Earthrealm Tower only.	15% Reduced power cost on all Special Attacks. 	C
Body of Steel	Rare	Armor	10-30% Opponent unblockable attack chance reduction. 20-30% Resistance to all debuffs. 80-600% Max Health boost. Earthrealm Tower only.	20% of incoming Basic Attack damage transform to Health and 50% transform to Power.	S
Famous Dashing Smile	Rare	Weapon	50-150% Combo Ender damage boost. 20-40% Chance to apply Incurability debuff to the whole team for 10sec on Special Attack 1. 40-300% Damage boost. Earthrealm Tower only. [JOHNNY CAGE] {{Brutality}}	Gain 30% more Power from hitting an opponent. Opponent doesn't get Power from those hits.	S
Wushu Master's True Weapon	Rare	Accessory	40-60% Basic Attack damage boost. 30-60% Chance to transfer 50% damage to Health on Special Attack 2. 20-150% Damage boost. Earthrealm Tower only. 40-300% Max health boost. Earthrealm Tower only. [KUNG LAO] {{Brutality}}	Health is increased and restored by 10% after performing any Special attack. Max 5 times in the battle.	B
Famous Fashion Dominator	Epic	Armor	35-55% Max Health boost. 40-70% Chance to apply Blind to an opponent for using a Special Attack against the user. 300-1200% Max Health boost. Earthrealm Tower only. [JOHNNY CAGE] 5-10% Power generation boost after performing a successful Special Attack. Stackes up to 5 times. [JOHNNY CAGE] {{Brutality}}	Gain Energy Shield when below 80% Health. Energy Shield reduced all incoming damage when user loses health. The more Health is lost, the higher is Energy Shield damage reduction. Maximum reduction - 50% at 20% Health and below.	S
Jinsei Hat	Epic	Accessory	30-50% Critical Hit chance boost. 10%-20% Chance to apply Weaken, Shield Break or Curse on a Critical Hit. 75-225% Damage boost. Earthrealm Tower only. 150-450% Max Health boost. Earthrealm Tower only.	Once per match, avoid death by automatically tagging out before the killing blow. After tag-out user gains 1000% Recovery for 7sec. This effect does not trigger if the killing blow is a Brutality.	S
The Torturer	Epic	Weapon	Debuffs applied to an opponent are 10-30% more powerful. This applies to Bleed, Fire, Poison, Blind, Weaken, Curse, Shield Break, Vampire, Power Drain, and Power Steal. 50% Chance to apply Fire, Bleed or Poison on Combo Ender. 150-600% Damage boost. Earthrealm Tower only.	50% Chance to reflect any debuff back to an opponent. Team debuffs are not affected. 	A
Wushu Master's Guandao Blade	Epic	Weapon	50% Chance Basic Attacks deal 30-50% of damage to all opponents. 10-30% Damage boost after tag-in for 15 seconds. All following damage boosts gained from this Equipment is 15% more powerful. Max 75% damage boost. 150-600% Damage boost. Earthrealm Tower only. [KUNG LAO] Whenever opponent uses a Special Attack, gain 10-20% Critical Hit chance boost till the end of the match. Can stack up to 5 times. [KUNG LAO] {{Brutality}}	Successful Special 2 Attacks apply Silence debuff for 15 seconds to the opposing team. Silence prevents the affected Characters from using Special Attack 1 and reduces their Power generation by 60%. 	S
Bloody Mary	Uncommon	Accessory	10-20% All Special Attack damage boost. 10-80% Damage boost. Dark Queen's Tower only. 20-160% Max health boost. Dark Queen's Tower only.	Heal the weakest teammate for 20% of the damage dealt.	A
Tiara of the Damned	Uncommon	Accessory	Take 20-30% less damage from all attacks when blocking. 10-80% Damage boost. Dark Queen's Tower only. 20-160% Max health boost. Dark Queen's Tower only.	40% Chance to reflect all damage and combat effects from an opponent's combo ender.	C
Toxic Fruit	Uncommon	Accessory	10-30% Chance to apply and Weaken on successful Special Attack 1. 10-80% Damage boost. Dark Queen's Tower only. 20-160% Max health boost. Dark Queen's Tower only.	50% Basic Attack damage boost against enemies affected by Weaken.	C
Dark Mantle	Rare	Armor	15-35% Max Health boost. Gain Invulnerability for 2-7sec after tag-in. 80-600% Max health boost. Dark Queen's Tower only.	20% Chance to avoid damage from opponent's Special Attack and apply Freeze.	S+
Wicked Sister's Festive Mask	Rare	Accessory	30-50% Chance to apply Bleed to an opponent on any successful Special Attack. 20-40% Chance to apply Incurability debuff to the whole team for 10 sec on Combo Ender. 10-150% Damage boost. Dark Queen's Tower only. 20-300% Max health boost. Dark Queen's Tower only. [MILEENA] {{Brutality}}	Bleed stacks up to 3 times. The user Vampires 33% damage from up to 3 last Bleed DOTs.	A
Wrestling Star's Jaxophone	Rare	Weapon	20-30% All Special Attacks unblockable chance. 30-50% Chance to apply Shield Break on Block Breaker attack. 40-300% Damage boost. Dark Queen's Tower only. [JAX BRIGGS] {{Brutality}}	40% Chance to apply Silence debuff to the whole opponent team on successful Special Attack 1.	A
Jinxed Whip	Epic	Weapon	25-45% Critical Hit chance boost. Apply Curse on Combo Ender for 10-20sec. 150-600% Damage boost. Dark Queen's Tower only.	When an opponent affected by Curse performs a Special Attack, there is a 50% chance to reflect the damage and distribute it evenly to the whole enemy team. 	S
The Soul Seeker	Epic	Weapon	30-50% Chance to apply Death Mark on any Special Attack. The user Vampires 5-10% of the damage dealt on all attacks for each active Death Mark on an opponent. 150-600% Damage boost. Dark Queen's Tower only.	When an opponent is affected by 3 Death Marks at once, there is a 50% chance to apply Stun on Combo Ender. 	S
Wicked Sister's Sultry Gown	Epic	Armor	40-100% Chance to apply Blind to an opponent after their tag-in. Gain Speed for 5-15sec upon applying Blind to an opponent. 300-1200% Max health boost. Dark Queen's Tower only. [MILEENA] 20-40% Chance any negative effect successfully applied by an opponent to Mileena will grant her 0.5 Bar of power. [MILEENA] {{Brutality}}	When in a fight against new opponent, reduce their max Health by 10% (5% for Bosses) and increase the user's max Health by the same amount until the end of the match. Summoned characters are not affected.	A
Wrestling Star's Last Puff	Epic	Accessory	30-40% Basic Attacks unblockable chance. 50-100% Chance to gain Luck on Block Breaker attack. 75-225% Damage boost. Dark Queen's Tower only. 150-450% Max health boost. Dark Queen's Tower only. [JAX BRIGGS] Once per match, resurrect, instantly restore 50% Health, and gain 100-200% damage boost with a 30% chance to Power Steal on Basic Attacks for 20 sec. This effects does not trigger if the killing blow is a Brutality. [JAX BRIGGS] {{Brutality}}	50% Chance Critical Hit on Basic Attacks deals additional 1% max Health damage and inevitably exhausts 10% of opponent's max Power. 	S+
Dreamcatcher	Uncommon	Accessory	20-70% Combo Ender damage boost. 10-80% Damage boost. Elder Wind Tower only. 20-160% Max health boost. Elder Wind Tower only.	60% Chance to apply Dispel on Special Attack 2.	C
Moonshine	Uncommon	Accessory	10-20% All Special Attacks unblockable chance. 10-80% Damage boost. Elder Wind Tower only. 20-160% Max health boost. Elder Wind Tower only.	Damage from Special Attacks is reduced by 20%.	C
Succotash	Uncommon	Accessory	10-20% Max Health boost. 10-80% Damage boost. Elder Wind Tower only. 20-160% Max health boost. Elder Wind Tower only.	0.5 Bar of starting Power.	C
Matokan Snake Skin	Rare	Armor	20-30% Resistance to all debuffs. 20-50% Opponent Critical Hit Chance reduction. 80-600% Max Health boost. Elder Wind Tower only. [NIGHTWOLF] {{Brutality}}	Apply Incurability at the start of the match and on opponent's tag-in for 15sec.	S+
Varmint's Lucky Hat	Rare	Accessory	10-20% Chance to steal 2% of opponent's max Power on Basic Attacks. On tag-out gain 10-20sec of Team Shield. 20-150% Damage boost. Elder Wind Tower only. 40-300% Max Health boost. Elder Wind Tower only. [ERRON BLACK] {{Brutality}}	All opponent team's characters need to collect 30% more Power to fill up each Power bar.	S+
Widowmaker	Rare	Weapon	40-80% Basic Attack damage boost. Achieving 80%+ on any Special Attack increases the damage dealt by this Special Attack by 20-40%. 40-300% Damage boost. Elder Wind Tower only.	Gain Luck on tag-in for 15sec.	A
Ceremonial Pipe	Epic	Accessory	Gain 50-100% Damage boost while the character is not affected by any debuff. Whenever an opponent tries to apply a positive effect on themselves, there is a 70-100% chance to steal the effect for the user. Unique personal buffs can't be stolen. 75-225% Damage boost. Elder Wind Tower only. 150-450% Max health boost. Elder Wind Tower only.	30% Chance to apply a random buff to the user on Combo Ender.	S+
Dagger of Spirits	Epic	Weapon	5-35% Reduced Power cost on all Special Attacks. When the opponent blocks an incoming Special Attack, turn 30-50% of the blocked damage into Health. 150-600% Damage boost. Elder Wind Tower only.	Special Attack 2 and X-ray/Fatal Blow apply Oblivion debuff for 15sec.	A
Matokan Bear Fang	Epic	Weapon	30-50% Critical Hit chance boost. Critical Hits on Special Attacks have 20-40% chance to Vampire the damage. 150-600% Damage boost. Elder Wind Tower only. [NIGHTWOLF] At the start of the match and on tag-in, gain Speed for 5-10sec. All Special Attacks have 70% chance to apply Weaken. [NIGHTWOLF] {{Brutality}}	Whenever user resists or applies debuff, gain 100% Critical Hit damage boost for 10sec.	S
Varmint's Ace in the Hole	Epic	Armor	200-300% Recovery boost. Apply Shield Break on opponent's tag-in for 5-15sec. 300-1200% Max Health boost. Elder Wind Tower only. [ERRON BLACK] For 3 times during the match on tag-in, Erron Black challenges his opponent to duel that they cannot escape for 10-20sec. While the duel lasts, Erron Black has 70% chance to dodge any Special Attack. Each time Erron Black manages to kill his enemy during the duel, he gains 20-30% Critical Hit Chance boost till the end of the match. Erron Black loses if he tags out during the duel. [ERRON BLACK] {{Brutality}}	Once per match when the character receives fatal damage gain Invulnerability for 10sec and 1 bar of Power for your last shot. Character is not able to tag out during Invulnerability.	S+
Dearest Memory	Uncommon	Accessory	10-20% All Special Attacks unblockable chance. 10-80% Damage boost. Klassic Tower only. 20-160% Max health boost. Klassic Tower only.	30% Chance to apply Shield Break on successful Special Attack.	C
Mid-battle Snack	Uncommon	Accessory	Take 20-30% less damage from all attacks when blocking. 10-80% Damage boost. Klassic Tower only. 20-160% Max health boost. Klassic Tower only.	When opponent break's users block, user gains Shield for 5sec.	C
Treasured Freebie	Uncommon	Accessory	10-20% Special Attack 1 and 2 damage boost. 10-80% Damage boost. Klassic Tower only. 20-160% Max health boost. Klassic Tower only.	0.5 Bar of Power on opponent's tag-in. 	C
Craftman's Pride	Rare	Armor	10-30% Opponent unblockable attack chance reduction. 15-25% Chance to dodge a Special Attack. 80-600% Max Health boost. Klassic Tower only.	20% Team Max Health boost.	A
Restless Ninja's Call to Arms	Rare	Weapon	15-35% Critical Hit chance boost. 50-100% Chance to apply Snare for 10sec after performing successful Special Attack 1. 40-300% Damage boost. Klassic Tower only. [SCORPION] {{Friendship}}	25% Chance to steal 5% of opponent's max Power on Basic Critical hits.	B
Rockin' Token	Rare	Accessory	15-25% Power generation boost. Special Attack 1 deals 15-35% damage to all opponents. 20-150% Damage boost. Klassic Tower only. 40-300% Max health boost. Klassic Tower only. [TREMOR] {{Brutality}}	Upon receiving fatal damage, the user resurrects with 15% Max Health and applies Slow to the opponent. Once per match. 	S
Geek Defense	Epic	Armor	200-400% Recovery boost. 30-60% Chance to gain Regeneration after performing successful Special Attack 2. 300-1200% Max Health boost. Klassic Tower only.	Teammates are healed for 20% (10% for bosses) of the Health restored by the user. 	S
Movie Set Star	Epic	Weapon	Apply Blind on tag-in for 10-20sec. If the opponent misses their attack, there is a 20-30% chance that animatronic will assist the user. Animatronic stomps, dealing middle damage. 150-600% Damage boost. Klassic Tower only.	Animatronic has a 50% chance to apply Stun to the opponent for 5sec.	S
Restless Ninja's Figure	Epic	Accessory	5-15% Chance to apply Curse on Basic attacks. This Curse can stack up to 2 times. 50-70% Resistance to all debuffs for the user while the opponent is affected by Snare or Curse. 75-225% Damage boost. Klassic Tower only. 150-450% Max health boost. Klassic Tower only. [SCORPION] Scorpion has a 10% chance to counter-attack opponent's basic combo attacks by vanishing into the fire, crawling from under the ground and hugging the opponent's legs, dealing fire damage and stealing the opponent's attack 10% for himself. Max. 30-40% stolen attack from each opponent. [SCORPION] {{Friendship}}	After 20 successful Basic Attacks the next successful Special Attack will inevitably be Critical.	A
Rockin' Bowling Stones	Epic	Weapon	Team gains 15-35% Unblockable chance on Basic Attacks. cEach acquired bar of Power while tagged-in grants the user 2% Speed boost until the end of the match. Max. amount of stacks: 10-20. 150-600% Damage boost. Klassic Tower only. [TREMOR] Tremor gains Rock Energy after every Combo Ender. Gaining 7-5 Rock Energy stacks causes Rock Overload, which explodes and drains all of the opponent's team power. Receiving unblocked damage or tag-out resets the number of Rock Energy stacks. [TREMOR] {{Brutality}}	User's damage increases upon losing Health. The more health is lose, the higher the Damage is. Maximum damage boost - 99% at 1% Health.	S+
EMP Grenade	Uncommon	Accessory	40-50% chance that on tag-in EMP Grenade is tossed at the opponent, applying Bleed, Fire or Poison for 15sec. 10-80% Damage boost. Vought Tower only. 20-160% Max Health boost; Vought Tower only.	When an EMP Grenade is tossed, it has a 35% chance to apply Stun.	B
Mother's Love	Uncommon	Accessory	40-100% Team Recovery boost. 10-80% Damage boost; Vought Tower only. 20-160% Max Health boost. Vought Tower only.	40% Opponent Critical Hit Chance reduction.	C
PR Stunt	Uncommon	Accessory	10-20% Power generation boost. 10-80% Damage boost. Vought Tower only. 20-160% Max Health boost. Vought Tower only.	Damage received from Special Attacks is reduced by 20%.	C
Kombat Service Sidearm	Rare	Weapon	20-30% All Special Attacks unblockable chance. 2-6% Power generation boost after performing a Combo Ender. Maximum 30%. Resets after tag-out. 40-300% Damage boost. Vought Tower only. [CASSIE CAGE] {{Brutality}}	10% Critical Hit Chance boost for every bar of power spent by the user. Maximum boost - 40%.	B
Special Agent's Fetch Trick	Rare	Accessory	25-35% Basic Attacks unblockable chance; 5-15% Chance to steal 3% of opponent's Max Power on successful Basic Combo Attacks; 20-150% Damage boost; Vought Tower only. 40-300% Max Health boost; Vought Tower only. [SONYA BLADE] {{Friendship}}	For every bar of Power spent by the user's team, gain 25% Critical Hit Damage boost for 15sec. This Critical Hit Damage boost can stack up to 3 times.	A
Vought Prime Armor	Rare	Armor	30% incoming damage reduction when the user is below 40-50% of Health; All opponent team's characters need to collect 10-20% more Power to fill up each power bar; 80-600% Max Health boost; Vought Tower only.	On tag-out, gain 20sec of Team Shield.	S
Kombat Service Emma	Epic	Accessory	Apply Despair on tag-in and every 20-10sec while user is tagged in; 30-100% chance to apply Shield Break for 7sec before any Special Attack; 75-225% Damage boost; Vought Tower only. 150-450% Max Health boost; Vought Tower only. [CASSIE CAGE] At the start of the Match and on tag-in, Cassie's dron creates an Energy Bubble equal to 25% of her max health. It applies Dispel, absorbs damage from all Attacks and reduces received Critical damage by 50%. When Energy Barrier depletes it explodes, applying Fracture. [CASSIE CAGE] {{Brutality}}	Deal 1% max Health damage upon applying Despair from this equipment. Additionally, copy opponent's removed positive buffs for yourself. The copied buffs can stack. Unique personal effects are not affected.	S
Special Agent's BUD-E	Epic	Weapon	Gain Luck at the start of the match and on tag-in for 10-20sec; 10% chance to apply Snare on Critical Basic Hits for 5-15sec; 150-600% Damage boost; Vought Tower only. [SONYA BLADE] On every 2 Combo Ender, Sonya Blade's Turret follows-up by shooting an explosive, which applies one of 3 negative effects in sequence for 10-15sec: Blind, Weaken, and Incurability. [SONYA BLADE] If an opponent tries to apply one of these effects, 50% chance to reflect the effect back to the opponent. [SONYA BLADE] {{Friendship}}	For each active debuff on the opponent, the user's Special Attacks power cost is reduced by 10%. Maximum reduction - 50%.	S
The Compound	Epic	Weapon	5-15% Lethal Blow Chance boost; Lethal Blows Vampire 30% of damage up to 30-40% of max Health when below 30-40% Health; 150-600% Damage boost; Vought Tower only.	Once in 10sec seconds while the User is tagged in, apply a random buff to the user for 10sec. Negative effects include Snare, Fracture, and Bane. Positive effects include Shield, Power, and Speed.	A
The Patriot Shield	Epic	Armor	30-40% Resistance to all debuffs; 30-50% Opponent unblockable attack chance reduction; 300-1200% Max Health boost; Vought Tower only.	Any Teammate has a 40% chance to reflect 30% of damage on the opponent's Special Attack.	S
Shintai of Fortune	Uncommon	Accessory	50% Chance to drain 33% Power on Special Attack 1. 10-80% Damage boost. White Lotus Tower only. 160% Max health boost. White Lotus Tower only.	15% Reduced Power cost on all Special Attacks.	B
Shintai of Prosperity	Uncommon	Accessory	15% Power generation boost. 10-80% Damage boost. White Lotus Tower only. 20-160% Max health boost. White Lotus Tower only.	100% Combo Ender damage boost.	C
Shintai of Wind	Uncommon	Accessory	100% Recovery boost. 10-80% Damage boost. White Lotus Tower only. 20-160% Max health boost. White Lotus Tower only.	25% Incoming Damage reduction when the user is below 50% of Health.	C
God's Helper Kitsune	Rare	Weapon	50% Chance to apply Curse on Combo Ender. 70% Chance to apply Fear on Special Attack 1. 40-300% Damage boost. White Lotus Tower only. [FUJIN] {{Brutality}}	If an opponent tags-out or is forced to tag-out while the user is active, the next time this opponent tags back they will lose all of their Power.	B
Shintai of Malice	Rare	Accessory	100% Chance to apply Death Mark on the user's tag in. 30% Team Resistance to all debuffs. 20-150% Damage boost. White Lotus Tower only. 40-300% Max health boost. White Lotus Tower only.	15% Damage boost and 5% Lethal Hit chance boost for each active Death Mark on the active opponent.	S+
Tsukumogami Demon's Heart	Rare	Armor	40% Chance to reflect 100% Basic Attack damage when blocking. 50% Reduced chance to gain positive effects for the opponents. 80-600% Max Health boost. White Lotus Tower only. [ERRON BLACK] {{Friendship}}	For each 20% of Max Health a teammate lost, the user restores 10% of the user's Max Health.	B
God's Helper Tanuki	Epic	Armor	30-50% Max Health boost. On the user's tag-in, there is a 100% Chance that the Tanuki joins the user and starts playing drums. While its enchanting rhythm can be heard, the user gets affected by Luck and the opponent gets affected by Weaken. The opponent can use Dispel to get rid of the enchantment and make Tanuki run away. 300-1200% Max Health boost. [FUJIN] On incoming Special Attack or X-Ray/Fatal Blow, there is a 50% chance that Fujin will summon a Wind Shield that will not allow this Special Attack to deal more damage than 10% of his Max Health. [FUJIN] {{Brutality}}	Once per match upon receiving fatal damage, the user is saved by Tanuki who possesses the user for 10sec, receiving damage and fighting back in their place. After Tanuki leaves, the next teammate to tag-in can be chosen.	S+
Shintai of the North	Epic	Accessory	100% Chance to apply Team Frostbite on Special Attack 2. If the opponent is already affected by Frostbite, the opponent will become affected by Freeze instead. 100% Chance to gain Shield upon applying Frostbite or Freeze. 75-225% Damage boost. White Lotus Tower only. 150-450% Max Health boost. White Lotus Tower only.	1 Bar of Power on tag-in and at the start of the match when equipped on a starting character.	S+
Shintai of Revenge	Epic	Weapon	50% Basic Attacks unblockable chance. 100% Chance to apply Shield Break on Block Breaker attack. 150-600% Damage boost. White Lotus Tower only.	50% Chance to apply Team Silence and Team Bleed on a successful Attack 1 and 2.	S
Tsukumogami Demon's Fire	Epic	Weapon	30-50% All Special Attacks unblockable chance. 30-50% Opponent unblockable attack chance reduction. 150-600% Damage boost. White Lotus Tower only. [ERRON BLACK] Whenever Erron Black does not have enought Power to perform a Special Attack, a sinister demon who lives in his rifle can feast on his blood and help him use Health instead of Power to perform this Special Attack (this Special Attack will not be able to trigger Regeneration). 1 bar = 30% of Max Health, 2 bars = 50% of Max health, 3 bars = 70% of Max Health. [ERRON BLACK] {{Friendship}}	After a successful Special Attack 2, a daemon hexes the opponent with a Spirit Flame. Spirit Flame drains Health and Power from the opponent. The more opponents are affected by Spirit Flame, the more Health and Power is drained. The hex can only be removed by killing the demon, Dispel or the final death of the hexed opponent.	S+